Student ID Number,First Name,Middle Name,Last Name,Course,Year Level,Gender
2018-0018,Charisse Faith,L. ,Viste,BS Statistics,4th Year,Female
2019-0001,Inigo,M.,Borromeo,BS Mathematics,3rd Year,Male
2018-0001,Juan Alexandro,C.,Yuchengco,BS Mathematics,4th Year,Male
2019-0052,Katherine Tyrese,Z.,Arellano,BS Mathematics,3rd Year,Female
2018-0025,Aurora Marie,S.,Floresca,BS Statistics,4th Year,Female
2018-0010,Ysmael Augusto,D.,Gomez de Liano,BS Statistics,4th Year,Male
2019-0100,Lyana Isobel,G.,Laurel,BS Mathematics,3rd Year,Female
2019-0030,Sanchez,O.,Cantavieja,BS Mathematics,3rd Year,Male
2019-0150,Nikolai,D.,Vega,BS Mathematics,3rd Year,Male
2019-0027,Vito,F.,Sartori,BS Mathematics,3rd Year,Male
2018-0150,Deanne,R. ,Wong,BS Statistics,4th Year,Female
2018-0120,Samuel,V.,Florencio,BS Statistics,4th Year,Male
2018-0125,Shannelle,Q.,Nuevas,BS Statistics,4th Year,Female
2019-0101,Assia,L.,Serna,BS Mathematics,3rd Year,Female
2019-0180,Percival Archer,S.,Riego,BS Mathematics,3rd Year,Male
2019-0165,Nieves Solanna,P.,Galves,BS Mathematics,3rd Year,Female
2018-0015,Atonius Lienzo,Z.,Mercadejas,BS Statistics,4th Year,Male
2018-0040,Thraia Gabriella,C.,Fortunato,BS Statistics,4th Year,Female
2019-0045,Radleigh,R.,Riego,BS Mathematics,3rd Year,Male
2019-0042,Zariyah Isla,V.,Leviste,BS Mathematics,3rd Year,Female
2018-0135,Eurydice,A.,Saniel,BS Statistics,4th Year,Female
2018-0017,Vincentius Theron,Z.,Hidalgo,BS Statistics,4th Year,Male
2019-0200,Astherielle Seraphine,C.,Zaldua,BS Mathematics,3rd Year,Female
2018-0059,Zarrick Amiel,Z.,Mercadejas,BS Statistics,4th Year,Male
2019-0450,Daniella,C.,Zaldua,BS Mathematics,3rd Year,Female
2018-0062,Karius Jandrick,Z.,Mercadejas,BS Statistics,4th Year,Male
2019-0131,Anna,B.,Juarez,BS Mathematics,3rd Year,Female
2018-0113,Dana Kathryn,C.,Ferrer,BS Statistics,4th Year,Female
2018-0109,Andrei,B.,Guzman,BS Mathematics,4th Year,Male
2018-0108,Cyriel ,E. ,Perez,BS Statistics,4th Year,Male
2019-0281,Alys Zyril,F.,Perez,BS Mathematics,3rd Year,Female
2019-0005,Drake Sebastian,O.,Palma,BS Statistics,3rd Year,Male
2018-0170,Lourd Simon,O.,Sandoval,BS Mathematics,4th Year,Male
2018-0169,Chance Lucas ,O. ,Sandoval,BS Statistics,4th Year,Male
2019-0127,Monique,Z.,Aldea,BS Mathematics,3rd Year,Female
2019-0119,Kelly Angeline,R.,Acebeda,BS Statistics,3rd Year,Female
2018-0006,Chanyeol,B.,Park,BS Mathematics,4th Year,Male
2019-0213,Van Humphrey,D.,Enot,BS Statistics,3rd Year,Male
2018-0214,River Aragorn,F.,Liboon,BS Mathematics,4th Year,Male
2019-0139,Samantha Nicole,B.,Leoncito,BS Statistics,3rd Year,Female
2018-1594,Jham White,G.,Perral,BS Statistics,4th Year,Male
2018-1410,Marco Juliar,C.,Bacanaya,BS Mathematics,4th Year,Male
2019-1312,Jhoebelle Phette,S.,Zaide,BS Statistics,3rd Year,Female
2019-1123,Cindy,S.,Dela Cerna,BS Statistics,3rd Year,Female
2018-1115,Linuel,E. ,Podiotan,BS Mathematics,4th Year,Male
2018-1326,Paul,B.,Casia,BS Statistics,4th Year,Male
2019-1431,Jian,R.,Escanilla,BS Mathematics,3rd Year,Male
2019-1152,Clark,O.,Lim,BS Statistics,3rd Year,Male
2018-0005,Ayn,D.,Bernos,BS Mathematics,4th Year,Female
2018-0002,Leni,G.,Robredo,BS Satistics,4th Year,Female
2019-0007,Risa,O.,Hontiveros,BS Mathematics,3rd Year,Female
2019-0049,Alvic,C.,Palabrica,BS Statistics,3rd Year,Male
2018-0003,Panfilo,G.,Lacson,BS Mathematics,4th Year,Male
